"2019-08-24 19:58:48.000","transactions-dev-us-east-1.dev.braintree-api.com","a","3.214.120.125","201908"
"2019-08-24 19:58:48.000","transactions-dev-us-east-1.dev.braintree-api.com","a","52.23.98.52","201908"
"2019-08-24 19:58:48.000","transactions-dev-us-east-1.dev.braintree-api.com","a","52.44.166.114","201908"
"2019-08-24 19:58:48.000","transactions-dev-us-east-1.dev.braintree-api.com","a","54.164.20.239","201908"
"2019-08-24 19:58:48.000","transactions-dev-us-east-1.dev.braintree-api.com","txt","|heritage=external-dns,external-dns/owner=dev-us-east-1,external-dns/resource=service/transactions/transactions-pub","201908"
"2019-08-24 20:06:22.000","transactions-dev-us-east-2.dev.braintree-api.com","a","13.58.170.236","201908"
"2019-08-24 20:06:22.000","transactions-dev-us-east-2.dev.braintree-api.com","a","3.13.113.10","201908"
"2019-08-24 20:06:22.000","transactions-dev-us-east-2.dev.braintree-api.com","a","3.18.166.180","201908"
"2019-08-24 20:06:22.000","transactions-dev-us-east-2.dev.braintree-api.com","txt","|heritage=external-dns,external-dns/owner=dev-us-east-2,external-dns/resource=service/transactions/transactions-pub","201908"
"2019-08-24 20:04:32.000","transactions-dev-us-west-2.dev.braintree-api.com","a","34.211.109.168","201908"
"2019-08-24 20:04:32.000","transactions-dev-us-west-2.dev.braintree-api.com","a","52.25.95.243","201908"
"2019-08-24 20:04:32.000","transactions-dev-us-west-2.dev.braintree-api.com","a","52.43.106.67","201908"
"2019-08-24 20:04:32.000","transactions-dev-us-west-2.dev.braintree-api.com","txt","|heritage=external-dns,external-dns/owner=dev-us-west-2,external-dns/resource=service/transactions/transactions-publl","201908"
"2019-08-24 19:58:57.000","transactions-dev-us.dev.braintree-api.com","a","34.211.109.168","201908"
"2019-08-24 19:58:57.000","transactions-dev-us.dev.braintree-api.com","a","52.25.95.243","201908"
"2019-08-24 19:58:57.000","transactions-dev-us.dev.braintree-api.com","a","52.43.106.67","201908"
"2019-08-24 19:57:31.000","transactions-prod-us-east-1.production.braintree-api.com","a","3.218.38.212","201908"
"2019-08-24 19:57:31.000","transactions-prod-us-east-1.production.braintree-api.com","a","34.233.245.26","201908"
"2019-08-24 19:57:31.000","transactions-prod-us-east-1.production.braintree-api.com","a","35.170.206.21","201908"
"2019-08-24 19:57:31.000","transactions-prod-us-east-1.production.braintree-api.com","a","52.87.80.35","201908"
"2019-08-24 19:57:31.000","transactions-prod-us-east-1.production.braintree-api.com","txt","|heritage=external-dns,external-dns/owner=prod-us-east-1,external-dns/resource=service/transactions/transactions-puball","201908"
"2019-08-24 20:05:11.000","transactions-prod-us-east-2.production.braintree-api.com","a","18.218.39.244","201908"
"2019-08-24 20:05:11.000","transactions-prod-us-east-2.production.braintree-api.com","a","3.13.37.169","201908"
"2019-08-24 20:05:11.000","transactions-prod-us-east-2.production.braintree-api.com","a","3.15.99.161","201908"
"2019-08-24 20:05:11.000","transactions-prod-us-east-2.production.braintree-api.com","txt","|heritage=external-dns,external-dns/owner=prod-us-east-2,external-dns/resource=service/transactions/transactions-pub","201908"
"2019-08-24 19:59:24.000","transactions-prod-us-west-2.production.braintree-api.com","a","52.11.241.16","201908"
"2019-08-24 19:59:24.000","transactions-prod-us-west-2.production.braintree-api.com","a","52.88.66.120","201908"
"2019-08-24 19:59:24.000","transactions-prod-us-west-2.production.braintree-api.com","a","54.70.26.172","201908"
"2019-08-24 19:59:24.000","transactions-prod-us-west-2.production.braintree-api.com","txt","|heritage=external-dns,external-dns/owner=prod-us-west-2,external-dns/resource=service/transactions/transactions-pub~all1","201908"
"2019-08-24 19:59:00.000","transactions-prod-us.production.braintree-api.com","a","52.11.241.16","201908"
"2019-08-24 19:59:00.000","transactions-prod-us.production.braintree-api.com","a","52.88.66.120","201908"
"2019-08-24 19:59:00.000","transactions-prod-us.production.braintree-api.com","a","54.70.26.172","201908"
"2019-08-24 20:05:23.000","transactions-qa-us-east-1.dev.braintree-api.com","a","3.208.149.75","201908"
"2019-08-24 20:05:23.000","transactions-qa-us-east-1.dev.braintree-api.com","a","3.224.162.15","201908"
"2019-08-24 20:05:23.000","transactions-qa-us-east-1.dev.braintree-api.com","a","34.225.255.247","201908"
"2019-08-24 20:05:23.000","transactions-qa-us-east-1.dev.braintree-api.com","a","52.72.153.43","201908"
"2019-08-24 20:05:23.000","transactions-qa-us-east-1.dev.braintree-api.com","txt","|heritage=external-dns,external-dns/owner=qa-us-east-1,external-dns/resource=service/transactions/transactions-pub","201908"
"2019-08-24 19:57:18.000","transactions-qa-us-east-2.dev.braintree-api.com","a","18.224.126.92","201908"
"2019-08-24 19:57:18.000","transactions-qa-us-east-2.dev.braintree-api.com","a","3.13.108.174","201908"
"2019-08-24 19:57:18.000","transactions-qa-us-east-2.dev.braintree-api.com","a","3.18.25.124","201908"
"2019-08-24 19:57:18.000","transactions-qa-us-east-2.dev.braintree-api.com","txt","|heritage=external-dns,external-dns/owner=qa-us-east-2,external-dns/resource=service/transactions/transactions-puball","201908"
"2019-08-24 19:57:36.000","transactions-qa-us-west-2.dev.braintree-api.com","a","35.161.109.208","201908"
"2019-08-24 19:57:36.000","transactions-qa-us-west-2.dev.braintree-api.com","a","52.27.112.127","201908"
"2019-08-24 19:57:36.000","transactions-qa-us-west-2.dev.braintree-api.com","a","54.148.144.50","201908"
"2019-08-24 19:57:36.000","transactions-qa-us-west-2.dev.braintree-api.com","txt","|heritage=external-dns,external-dns/owner=qa-us-west-2,external-dns/resource=service/transactions/transactions-pub","201908"
"2019-08-24 19:56:54.000","transactions-qa-us.dev.braintree-api.com","a","35.161.109.208","201908"
"2019-08-24 19:56:54.000","transactions-qa-us.dev.braintree-api.com","a","52.27.112.127","201908"
"2019-08-24 19:56:54.000","transactions-qa-us.dev.braintree-api.com","a","54.148.144.50","201908"
"2019-08-24 19:58:08.000","transactions-sand-us-east-1.sandbox.braintree-api.com","a","3.208.150.77","201908"
"2019-08-24 19:58:08.000","transactions-sand-us-east-1.sandbox.braintree-api.com","a","34.193.11.80","201908"
"2019-08-24 19:58:08.000","transactions-sand-us-east-1.sandbox.braintree-api.com","a","35.168.218.123","201908"
"2019-08-24 19:58:08.000","transactions-sand-us-east-1.sandbox.braintree-api.com","a","52.200.169.33","201908"
"2019-08-24 19:58:08.000","transactions-sand-us-east-1.sandbox.braintree-api.com","txt","|heritage=external-dns,external-dns/owner=sand-us-east-1,external-dns/resource=service/transactions/transactions-pubice","201908"
"2019-08-24 19:57:32.000","transactions-sand-us-east-2.sandbox.braintree-api.com","a","18.216.119.83","201908"
"2019-08-24 19:57:32.000","transactions-sand-us-east-2.sandbox.braintree-api.com","a","3.16.18.170","201908"
"2019-08-24 19:57:32.000","transactions-sand-us-east-2.sandbox.braintree-api.com","a","3.18.253.41","201908"
"2019-08-24 19:57:32.000","transactions-sand-us-east-2.sandbox.braintree-api.com","txt","|heritage=external-dns,external-dns/owner=sand-us-east-2,external-dns/resource=service/transactions/transactions-pub","201908"
"2019-08-24 19:58:50.000","transactions-sand-us-west-2.sandbox.braintree-api.com","a","35.162.143.196","201908"
"2019-08-24 19:58:50.000","transactions-sand-us-west-2.sandbox.braintree-api.com","a","52.41.134.64","201908"
"2019-08-24 19:58:50.000","transactions-sand-us-west-2.sandbox.braintree-api.com","a","54.71.84.5","201908"
"2019-08-24 19:58:50.000","transactions-sand-us-west-2.sandbox.braintree-api.com","txt","|heritage=external-dns,external-dns/owner=sand-us-west-2,external-dns/resource=service/transactions/transactions-publ","201908"
"2019-08-24 19:58:07.000","transactions-sand-us.sandbox.braintree-api.com","a","35.162.143.196","201908"
"2019-08-24 19:58:07.000","transactions-sand-us.sandbox.braintree-api.com","a","52.41.134.64","201908"
"2019-08-24 19:58:07.000","transactions-sand-us.sandbox.braintree-api.com","a","54.71.84.5","201908"
"2019-08-24 17:27:25.000","pamhook-prod-ap-southeast-2.production.braintree-api.com","a","13.237.65.150","201908"
"2019-08-24 17:27:25.000","pamhook-prod-ap-southeast-2.production.braintree-api.com","a","13.239.145.96","201908"
"2019-08-24 17:27:25.000","pamhook-prod-ap-southeast-2.production.braintree-api.com","a","3.105.55.210","201908"
"2019-08-24 17:27:25.000","pamhook-prod-ap-southeast-2.production.braintree-api.com","txt","|heritage=external-dns,external-dns/owner=prod-ap-southeast-2,external-dns/resource=service/infra/pamhook-publl","201908"
"2019-08-24 17:32:03.000","pamhook-prod-us-east-1.production.braintree-api.com","a","3.210.243.61","201908"
"2019-08-24 17:32:03.000","pamhook-prod-us-east-1.production.braintree-api.com","a","34.205.145.94","201908"
"2019-08-24 17:32:03.000","pamhook-prod-us-east-1.production.braintree-api.com","a","52.4.184.65","201908"
"2019-08-24 17:32:03.000","pamhook-prod-us-east-1.production.braintree-api.com","a","54.86.130.224","201908"
"2019-08-24 17:32:03.000","pamhook-prod-us-east-1.production.braintree-api.com","txt","|heritage=external-dns,external-dns/owner=prod-us-east-1,external-dns/resource=service/infra/pamhook-pub!","201908"
"2019-08-24 17:27:58.000","pamhook-prod-us-east-2.production.braintree-api.com","a","18.220.77.188","201908"
"2019-08-24 17:27:58.000","pamhook-prod-us-east-2.production.braintree-api.com","a","3.13.112.46","201908"
"2019-08-24 17:27:58.000","pamhook-prod-us-east-2.production.braintree-api.com","a","3.14.239.186","201908"
"2019-08-24 17:27:58.000","pamhook-prod-us-east-2.production.braintree-api.com","txt","|heritage=external-dns,external-dns/owner=prod-us-east-2,external-dns/resource=service/infra/pamhook-pubA","201908"
"2019-08-24 17:24:58.000","pamhook-prod-us-west-2.production.braintree-api.com","a","35.163.189.94","201908"
"2019-08-24 17:24:58.000","pamhook-prod-us-west-2.production.braintree-api.com","a","52.41.48.245","201908"
"2019-08-24 17:24:58.000","pamhook-prod-us-west-2.production.braintree-api.com","a","52.42.248.59","201908"
"2019-08-24 17:24:58.000","pamhook-prod-us-west-2.production.braintree-api.com","txt","|heritage=external-dns,external-dns/owner=prod-us-west-2,external-dns/resource=service/infra/pamhook-pub","201908"
"2019-08-24 17:30:52.000","pamhook-sand-ap-southeast-2.sandbox.braintree-api.com","a","13.239.123.243","201908"
"2019-08-24 17:30:52.000","pamhook-sand-ap-southeast-2.sandbox.braintree-api.com","a","3.105.121.72","201908"
"2019-08-24 17:30:52.000","pamhook-sand-ap-southeast-2.sandbox.braintree-api.com","a","52.65.5.61","201908"
"2019-08-24 17:30:52.000","pamhook-sand-ap-southeast-2.sandbox.braintree-api.com","txt","|heritage=external-dns,external-dns/owner=sand-ap-southeast-2,external-dns/resource=service/infra/pamhook-pub ~alll","201908"
"2019-08-24 17:24:57.000","pamhook-sand-us-east-1.sandbox.braintree-api.com","a","18.235.185.188","201908"
"2019-08-24 17:24:57.000","pamhook-sand-us-east-1.sandbox.braintree-api.com","a","34.195.193.213","201908"
"2019-08-24 17:24:57.000","pamhook-sand-us-east-1.sandbox.braintree-api.com","a","34.193.18.168","201908"
"2019-08-24 17:24:57.000","pamhook-sand-us-east-1.sandbox.braintree-api.com","a","54.175.182.145","201908"
"2019-08-24 17:24:57.000","pamhook-sand-us-east-1.sandbox.braintree-api.com","txt","|heritage=external-dns,external-dns/owner=sand-us-east-1,external-dns/resource=service/infra/pamhook-pub","201908"
"2019-08-24 17:27:31.000","pamhook-sand-us-east-2.sandbox.braintree-api.com","a","13.58.42.218","201908"
"2019-08-24 17:27:31.000","pamhook-sand-us-east-2.sandbox.braintree-api.com","a","13.58.66.88","201908"
"2019-08-24 17:27:31.000","pamhook-sand-us-east-2.sandbox.braintree-api.com","a","18.188.29.20","201908"
"2019-08-24 17:27:31.000","pamhook-sand-us-east-2.sandbox.braintree-api.com","txt","|heritage=external-dns,external-dns/owner=sand-us-east-2,external-dns/resource=service/infra/pamhook-pub!","201908"
"2019-08-24 17:38:35.000","pamhook-sand-us-west-2.sandbox.braintree-api.com","a","52.32.142.129","201908"
"2019-08-24 17:38:35.000","pamhook-sand-us-west-2.sandbox.braintree-api.com","a","52.33.37.163","201908"
"2019-08-24 17:38:35.000","pamhook-sand-us-west-2.sandbox.braintree-api.com","a","54.148.139.17","201908"
"2019-08-24 17:38:35.000","pamhook-sand-us-west-2.sandbox.braintree-api.com","txt","|heritage=external-dns,external-dns/owner=sand-us-west-2,external-dns/resource=service/infra/pamhook-pubA","201908"
"2019-08-24 16:58:55.000","panels-api-prod-us-west-2.production.braintree-api.com","a","52.26.188.21","201908"
"2019-08-24 16:58:55.000","panels-api-prod-us-west-2.production.braintree-api.com","a","52.88.27.71","201908"
"2019-08-24 16:58:55.000","panels-api-prod-us-west-2.production.braintree-api.com","a","54.201.36.164","201908"
"2019-08-24 16:58:55.000","panels-api-prod-us-west-2.production.braintree-api.com","txt","|heritage=external-dns,external-dns/owner=prod-us-west-2,external-dns/resource=service/panels/panels-api-pub5.58 -all","201908"
"2019-08-24 17:30:40.000","panels-api-prod-us-west-2.production.braintree-api.com","txt","|heritage=external-dns,external-dns/owner=prod-us-west-2,external-dns/resource=service/panels/panels-api-publonline","201908"
"2019-08-24 17:33:07.000","panels-api-prod-us-west-2.production.braintree-api.com","txt","|heritage=external-dns,external-dns/owner=prod-us-west-2,external-dns/resource=service/panels/panels-api-pubne","201908"
"2019-08-24 16:58:26.000","panels-api-sand-us-west-2.sandbox.braintree-api.com","a","52.32.254.253","201908"
"2019-08-24 16:58:26.000","panels-api-sand-us-west-2.sandbox.braintree-api.com","a","52.40.7.96","201908"
"2019-08-24 16:58:26.000","panels-api-sand-us-west-2.sandbox.braintree-api.com","a","54.68.120.234","201908"
"2019-08-24 17:25:11.000","panels-api-sand-us-west-2.sandbox.braintree-api.com","txt","|heritage=external-dns,external-dns/owner=sand-us-west-2,external-dns/resource=service/panels/panels-api-pubZU","201908"
"2019-08-24 16:58:26.000","panels-api-sand-us-west-2.sandbox.braintree-api.com","txt","|heritage=external-dns,external-dns/owner=sand-us-west-2,external-dns/resource=service/panels/panels-api-pubine","201908"
"2019-08-24 17:35:33.000","panels-api-sand-us-west-2.sandbox.braintree-api.com","txt","|heritage=external-dns,external-dns/owner=sand-us-west-2,external-dns/resource=service/panels/panels-api-pubne","201908"
"2019-08-24 17:30:40.000","panels.braintree-api.com","cname","panels-api-prod-us-west-2.production.braintree-api.com","201908"
"2019-08-24 17:35:33.000","panels.sandbox.braintree-api.com","cname","panels-api-sand-us-west-2.sandbox.braintree-api.com","201908"
"2019-08-24 17:26:21.000","panel.braintreegateway.com","cname","merchant-panel-prod-us-west-2.production.braintree-api.com","201908"
"2019-08-24 17:33:39.000","panel.braintreepayments.com","cname","merchant-panel-prod-us-west-2.production.braintree-api.com","201908"
"2019-08-24 17:29:33.000","panel.gateway.qa.braintreepayments.com","cname","merchant-panel-qa-us-west-2.dev.braintree-api.com","201908"
"2019-08-24 17:25:09.000","panel.qa.braintreegateway.com","cname","merchant-panel-qa-us-west-2.dev.braintree-api.com","201908"
"2019-08-24 17:32:16.000","panel.sandbox.braintreegateway.com","cname","merchant-panel-sand-us-west-2.sandbox.braintree-api.com","201908"
"2019-08-24 17:25:27.000","panel.sandbox.braintreepayments.com","cname","merchant-panel-sand-us-west-2.sandbox.braintree-api.com","201908"
"2019-08-24 04:12:27.000","atmosphere-prod-ap-southeast-2.production.braintree-api.com","a","13.211.112.155","201908"
"2019-08-24 04:12:27.000","atmosphere-prod-ap-southeast-2.production.braintree-api.com","a","13.236.11.12","201908"
"2019-08-24 04:12:27.000","atmosphere-prod-ap-southeast-2.production.braintree-api.com","a","13.54.238.102","201908"
"2019-08-24 04:14:49.000","atmosphere-prod-eu-central-1.production.braintree-api.com","a","18.184.151.211","201908"
"2019-08-24 04:14:49.000","atmosphere-prod-eu-central-1.production.braintree-api.com","a","35.158.200.10","201908"
"2019-08-24 04:14:49.000","atmosphere-prod-eu-central-1.production.braintree-api.com","a","52.58.174.45","201908"
"2019-08-24 04:13:16.000","atmosphere-prod-us-east-1.production.braintree-api.com","a","34.197.204.88","201908"
"2019-08-24 04:13:16.000","atmosphere-prod-us-east-1.production.braintree-api.com","a","34.234.41.83","201908"
"2019-08-24 04:13:16.000","atmosphere-prod-us-east-1.production.braintree-api.com","a","52.22.114.134","201908"
"2019-08-24 04:13:16.000","atmosphere-prod-us-east-1.production.braintree-api.com","a","52.71.211.185","201908"
"2019-08-24 04:13:26.000","atmosphere-prod-us-east-2.production.braintree-api.com","a","18.188.244.16","201908"
"2019-08-24 04:13:26.000","atmosphere-prod-us-east-2.production.braintree-api.com","a","18.218.170.239","201908"
"2019-08-24 04:13:26.000","atmosphere-prod-us-east-2.production.braintree-api.com","a","18.218.201.60","201908"
"2019-08-24 04:12:57.000","atmosphere-prod-us-west-2.production.braintree-api.com","a","52.25.70.37","201908"
"2019-08-24 04:12:57.000","atmosphere-prod-us-west-2.production.braintree-api.com","a","52.36.170.61","201908"
"2019-08-24 04:12:57.000","atmosphere-prod-us-west-2.production.braintree-api.com","a","54.186.37.102","201908"
"2019-08-24 04:17:19.000","atmosphere-sand-ap-southeast-2.sandbox.braintree-api.com","a","13.54.132.116","201908"
"2019-08-24 04:17:19.000","atmosphere-sand-ap-southeast-2.sandbox.braintree-api.com","a","52.65.177.197","201908"
"2019-08-24 04:17:19.000","atmosphere-sand-ap-southeast-2.sandbox.braintree-api.com","a","54.153.144.111","201908"
"2019-08-24 04:21:25.000","atmosphere-sand-eu-central-1.sandbox.braintree-api.com","a","3.122.37.146","201908"
"2019-08-24 04:21:25.000","atmosphere-sand-eu-central-1.sandbox.braintree-api.com","a","52.29.0.149","201908"
"2019-08-24 04:21:25.000","atmosphere-sand-eu-central-1.sandbox.braintree-api.com","a","52.58.19.249","201908"
"2019-08-24 04:12:13.000","atmosphere-sand-us-east-1.sandbox.braintree-api.com","a","34.239.18.213","201908"
"2019-08-24 04:12:13.000","atmosphere-sand-us-east-1.sandbox.braintree-api.com","a","54.209.200.157","201908"
"2019-08-24 04:12:13.000","atmosphere-sand-us-east-1.sandbox.braintree-api.com","a","54.210.199.181","201908"
"2019-08-24 04:12:13.000","atmosphere-sand-us-east-1.sandbox.braintree-api.com","a","54.87.37.91","201908"
"2019-08-24 04:18:32.000","atmosphere-sand-us-east-2.sandbox.braintree-api.com","a","13.59.120.45","201908"
"2019-08-24 04:18:32.000","atmosphere-sand-us-east-2.sandbox.braintree-api.com","a","18.220.47.193","201908"
"2019-08-24 04:18:32.000","atmosphere-sand-us-east-2.sandbox.braintree-api.com","a","52.15.36.79","201908"
"2019-08-24 04:20:57.000","atmosphere-sand-us-west-2.sandbox.braintree-api.com","a","35.164.62.53","201908"
"2019-08-24 04:20:57.000","atmosphere-sand-us-west-2.sandbox.braintree-api.com","a","35.162.22.163","201908"
"2019-08-24 04:20:57.000","atmosphere-sand-us-west-2.sandbox.braintree-api.com","a","52.10.175.22","201908"
"2019-08-24 04:06:38.000","application-inventory-qa-us-west-2.dev.braintree-api.com","a","34.213.128.223","201908"
"2019-08-24 04:06:38.000","application-inventory-qa-us-west-2.dev.braintree-api.com","a","52.25.119.95","201908"
"2019-08-24 04:06:38.000","application-inventory-qa-us-west-2.dev.braintree-api.com","a","52.35.111.226","201908"
"2019-08-24 04:07:10.000","application-inventory-qa-us-west-2.dev.braintree-api.com","txt","|heritage=external-dns,external-dns/owner=qa-us-west-2,external-dns/resource=service/application-inventory/application-inventoryPH9U","201908"
"2019-08-24 04:06:38.000","application-inventory-qa-us-west-2.dev.braintree-api.com","txt","|heritage=external-dns,external-dns/owner=qa-us-west-2,external-dns/resource=service/application-inventory/application-inventory","201908"
"2019-08-24 11:01:16.000","k8s-dashboard-dev-ap-southeast-2.dev.braintree-api.com","a","13.210.45.102","201908"
"2019-08-24 11:01:16.000","k8s-dashboard-dev-ap-southeast-2.dev.braintree-api.com","a","13.239.49.243","201908"
"2019-08-24 11:01:16.000","k8s-dashboard-dev-ap-southeast-2.dev.braintree-api.com","a","54.79.69.192","201908"
"2019-08-24 11:10:19.000","k8s-dashboard-dev-ap-southeast-2.dev.braintree-api.com","txt","|heritage=external-dns,external-dns/owner=dev-ap-southeast-2,external-dns/resource=service/kube-system/kubernetes-dashboardoya","201908"
"2019-08-24 11:01:16.000","k8s-dashboard-dev-ap-southeast-2.dev.braintree-api.com","txt","|heritage=external-dns,external-dns/owner=dev-ap-southeast-2,external-dns/resource=service/kube-system/kubernetes-dashboardofha.online","201908"
"2019-08-24 11:00:07.000","k8s-dashboard-dev-us-east-1.dev.braintree-api.com","a","18.234.15.46","201908"
"2019-08-24 11:00:07.000","k8s-dashboard-dev-us-east-1.dev.braintree-api.com","a","34.199.216.59","201908"
"2019-08-24 11:00:07.000","k8s-dashboard-dev-us-east-1.dev.braintree-api.com","a","52.1.23.153","201908"
"2019-08-24 11:00:07.000","k8s-dashboard-dev-us-east-1.dev.braintree-api.com","a","52.5.166.254","201908"
"2019-08-24 11:00:07.000","k8s-dashboard-dev-us-east-1.dev.braintree-api.com","txt","|heritage=external-dns,external-dns/owner=dev-us-east-1,external-dns/resource=service/kube-system/kubernetes-dashboarde","201908"
"2019-08-24 11:00:50.000","k8s-dashboard-dev-us-east-2.dev.braintree-api.com","a","13.59.133.178","201908"
"2019-08-24 11:00:50.000","k8s-dashboard-dev-us-east-2.dev.braintree-api.com","a","18.217.22.83","201908"
"2019-08-24 11:00:50.000","k8s-dashboard-dev-us-east-2.dev.braintree-api.com","a","18.224.222.35","201908"
"2019-08-24 11:00:50.000","k8s-dashboard-dev-us-east-2.dev.braintree-api.com","txt","|heritage=external-dns,external-dns/owner=dev-us-east-2,external-dns/resource=service/kube-system/kubernetes-dashboard","201908"
"2019-08-24 11:01:40.000","k8s-dashboard-dev-us-west-2.dev.braintree-api.com","a","34.213.118.153","201908"
"2019-08-24 11:01:40.000","k8s-dashboard-dev-us-west-2.dev.braintree-api.com","a","35.161.233.118","201908"
"2019-08-24 11:01:40.000","k8s-dashboard-dev-us-west-2.dev.braintree-api.com","a","54.71.39.148","201908"
"2019-08-24 11:00:53.000","k8s-dashboard-dev-us-west-2.dev.braintree-api.com","txt","|heritage=external-dns,external-dns/owner=dev-us-west-2,external-dns/resource=service/kube-system/kubernetes-dashboard","201908"
"2019-08-24 11:01:40.000","k8s-dashboard-dev-us-west-2.dev.braintree-api.com","txt","|heritage=external-dns,external-dns/owner=dev-us-west-2,external-dns/resource=service/kube-system/kubernetes-dashboard'","201908"
"2019-08-24 11:00:12.000","k8s-dashboard-prod-ap-southeast-2.production.braintree-api.com","a","13.237.70.100","201908"
"2019-08-24 11:00:12.000","k8s-dashboard-prod-ap-southeast-2.production.braintree-api.com","a","13.55.166.192","201908"
"2019-08-24 11:00:12.000","k8s-dashboard-prod-ap-southeast-2.production.braintree-api.com","a","52.64.219.147","201908"
"2019-08-24 11:02:15.000","k8s-dashboard-prod-ap-southeast-2.production.braintree-api.com","txt","|heritage=external-dns,external-dns/owner=prod-ap-southeast-2,external-dns/resource=service/kube-system/kubernetes-dashboarde","201908"
"2019-08-24 11:00:12.000","k8s-dashboard-prod-ap-southeast-2.production.braintree-api.com","txt","|heritage=external-dns,external-dns/owner=prod-ap-southeast-2,external-dns/resource=service/kube-system/kubernetes-dashboardg","201908"
"2019-08-24 11:01:07.000","k8s-dashboard-prod-us-east-1.production.braintree-api.com","a","23.20.53.149","201908"
"2019-08-24 11:01:07.000","k8s-dashboard-prod-us-east-1.production.braintree-api.com","a","34.202.195.66","201908"
"2019-08-24 11:01:07.000","k8s-dashboard-prod-us-east-1.production.braintree-api.com","a","52.21.31.249","201908"
"2019-08-24 11:01:07.000","k8s-dashboard-prod-us-east-1.production.braintree-api.com","a","52.54.182.74","201908"
"2019-08-24 11:01:07.000","k8s-dashboard-prod-us-east-1.production.braintree-api.com","txt","|heritage=external-dns,external-dns/owner=prod-us-east-1,external-dns/resource=service/kube-system/kubernetes-dashboard","201908"
"2019-08-24 11:00:14.000","k8s-dashboard-prod-us-east-2.production.braintree-api.com","a","18.218.242.102","201908"
"2019-08-24 11:00:14.000","k8s-dashboard-prod-us-east-2.production.braintree-api.com","a","18.224.91.242","201908"
"2019-08-24 11:00:14.000","k8s-dashboard-prod-us-east-2.production.braintree-api.com","a","52.14.163.111","201908"
"2019-08-24 11:00:14.000","k8s-dashboard-prod-us-east-2.production.braintree-api.com","txt","|heritage=external-dns,external-dns/owner=prod-us-east-2,external-dns/resource=service/kube-system/kubernetes-dashboard","201908"
"2019-08-24 11:00:42.000","k8s-dashboard-prod-us-west-2.production.braintree-api.com","a","35.160.67.34","201908"
"2019-08-24 11:00:42.000","k8s-dashboard-prod-us-west-2.production.braintree-api.com","a","52.24.171.251","201908"
"2019-08-24 11:00:42.000","k8s-dashboard-prod-us-west-2.production.braintree-api.com","a","54.187.239.102","201908"
"2019-08-24 11:00:42.000","k8s-dashboard-prod-us-west-2.production.braintree-api.com","txt","|heritage=external-dns,external-dns/owner=prod-us-west-2,external-dns/resource=service/kube-system/kubernetes-dashboard","201908"
"2019-08-24 11:06:34.000","k8s-dashboard-qa-ap-southeast-2.dev.braintree-api.com","a","13.237.108.165","201908"
"2019-08-24 11:06:34.000","k8s-dashboard-qa-ap-southeast-2.dev.braintree-api.com","a","13.55.146.198","201908"
"2019-08-24 11:06:34.000","k8s-dashboard-qa-ap-southeast-2.dev.braintree-api.com","a","52.65.15.188","201908"
"2019-08-24 11:10:03.000","k8s-dashboard-qa-ap-southeast-2.dev.braintree-api.com","txt","|heritage=external-dns,external-dns/owner=qa-ap-southeast-2,external-dns/resource=service/kube-system/kubernetes-dashboardU#IG1Sa","201908"
"2019-08-24 11:06:34.000","k8s-dashboard-qa-ap-southeast-2.dev.braintree-api.com","txt","|heritage=external-dns,external-dns/owner=qa-ap-southeast-2,external-dns/resource=service/kube-system/kubernetes-dashboardqq""Bh{~wA","201908"
"2019-08-24 11:02:46.000","k8s-dashboard-qa-us-east-1.dev.braintree-api.com","a","34.232.233.213","201908"
"2019-08-24 11:02:46.000","k8s-dashboard-qa-us-east-1.dev.braintree-api.com","a","52.202.137.211","201908"
"2019-08-24 11:02:46.000","k8s-dashboard-qa-us-east-1.dev.braintree-api.com","a","52.202.254.49","201908"
"2019-08-24 11:02:46.000","k8s-dashboard-qa-us-east-1.dev.braintree-api.com","a","52.54.122.65","201908"
"2019-08-24 11:02:46.000","k8s-dashboard-qa-us-east-1.dev.braintree-api.com","txt","|heritage=external-dns,external-dns/owner=qa-us-east-1,external-dns/resource=service/kube-system/kubernetes-dashboard","201908"
"2019-08-24 11:00:41.000","k8s-dashboard-qa-us-east-2.dev.braintree-api.com","a","13.59.166.230","201908"
"2019-08-24 11:00:41.000","k8s-dashboard-qa-us-east-2.dev.braintree-api.com","a","18.224.255.115","201908"
"2019-08-24 11:00:41.000","k8s-dashboard-qa-us-east-2.dev.braintree-api.com","a","18.223.82.4","201908"
"2019-08-24 11:05:06.000","k8s-dashboard-qa-us-east-2.dev.braintree-api.com","txt","|heritage=external-dns,external-dns/owner=qa-us-east-2,external-dns/resource=service/kube-system/kubernetes-dashboard","201908"
"2019-08-24 11:00:41.000","k8s-dashboard-qa-us-east-2.dev.braintree-api.com","txt","|heritage=external-dns,external-dns/owner=qa-us-east-2,external-dns/resource=service/kube-system/kubernetes-dashboarde","201908"
"2019-08-24 11:00:34.000","k8s-dashboard-qa-us-west-2.dev.braintree-api.com","a","52.10.181.29","201908"
"2019-08-24 11:00:34.000","k8s-dashboard-qa-us-west-2.dev.braintree-api.com","a","52.42.182.181","201908"
"2019-08-24 11:00:34.000","k8s-dashboard-qa-us-west-2.dev.braintree-api.com","a","52.88.66.42","201908"
"2019-08-24 11:03:27.000","k8s-dashboard-qa-us-west-2.dev.braintree-api.com","txt","|heritage=external-dns,external-dns/owner=qa-us-west-2,external-dns/resource=service/kube-system/kubernetes-dashboard","201908"
"2019-08-24 11:00:34.000","k8s-dashboard-qa-us-west-2.dev.braintree-api.com","txt","|heritage=external-dns,external-dns/owner=qa-us-west-2,external-dns/resource=service/kube-system/kubernetes-dashboardne","201908"
"2019-08-24 11:01:10.000","k8s-dashboard-sand-ap-southeast-2.sandbox.braintree-api.com","a","13.238.24.179","201908"
"2019-08-24 11:01:10.000","k8s-dashboard-sand-ap-southeast-2.sandbox.braintree-api.com","a","13.54.122.196","201908"
"2019-08-24 11:01:10.000","k8s-dashboard-sand-ap-southeast-2.sandbox.braintree-api.com","a","54.153.246.245","201908"
"2019-08-24 11:03:44.000","k8s-dashboard-sand-ap-southeast-2.sandbox.braintree-api.com","txt","|heritage=external-dns,external-dns/owner=sand-ap-southeast-2,external-dns/resource=service/kube-system/kubernetes-dashboard[U","201908"
"2019-08-24 11:01:10.000","k8s-dashboard-sand-ap-southeast-2.sandbox.braintree-api.com","txt","|heritage=external-dns,external-dns/owner=sand-ap-southeast-2,external-dns/resource=service/kube-system/kubernetes-dashboardfha.online","201908"
"2019-08-24 11:02:51.000","k8s-dashboard-sand-us-east-1.sandbox.braintree-api.com","a","18.215.86.210","201908"
"2019-08-24 11:02:51.000","k8s-dashboard-sand-us-east-1.sandbox.braintree-api.com","a","34.235.185.70","201908"
"2019-08-24 11:02:51.000","k8s-dashboard-sand-us-east-1.sandbox.braintree-api.com","a","52.21.40.224","201908"
"2019-08-24 11:02:51.000","k8s-dashboard-sand-us-east-1.sandbox.braintree-api.com","a","54.210.114.232","201908"
"2019-08-24 11:04:48.000","k8s-dashboard-sand-us-east-1.sandbox.braintree-api.com","txt","|heritage=external-dns,external-dns/owner=sand-us-east-1,external-dns/resource=service/kube-system/kubernetes-dashboard","201908"
"2019-08-24 11:02:51.000","k8s-dashboard-sand-us-east-1.sandbox.braintree-api.com","txt","|heritage=external-dns,external-dns/owner=sand-us-east-1,external-dns/resource=service/kube-system/kubernetes-dashboardl!","201908"
"2019-08-24 11:00:01.000","k8s-dashboard-sand-us-east-2.sandbox.braintree-api.com","a","18.216.96.38","201908"
"2019-08-24 11:00:01.000","k8s-dashboard-sand-us-east-2.sandbox.braintree-api.com","a","18.224.163.29","201908"
"2019-08-24 11:00:01.000","k8s-dashboard-sand-us-east-2.sandbox.braintree-api.com","a","18.224.76.222","201908"
"2019-08-24 11:00:01.000","k8s-dashboard-sand-us-east-2.sandbox.braintree-api.com","txt","|heritage=external-dns,external-dns/owner=sand-us-east-2,external-dns/resource=service/kube-system/kubernetes-dashboarda","201908"
"2019-08-24 11:02:40.000","k8s-dashboard-sand-us-east-2.sandbox.braintree-api.com","txt","|heritage=external-dns,external-dns/owner=sand-us-east-2,external-dns/resource=service/kube-system/kubernetes-dashboardla","201908"
"2019-08-24 11:00:25.000","k8s-dashboard-sand-us-west-2.sandbox.braintree-api.com","a","52.37.97.183","201908"
"2019-08-24 11:00:25.000","k8s-dashboard-sand-us-west-2.sandbox.braintree-api.com","a","52.88.139.174","201908"
"2019-08-24 11:00:25.000","k8s-dashboard-sand-us-west-2.sandbox.braintree-api.com","a","54.69.171.80","201908"
"2019-08-24 11:04:59.000","k8s-dashboard-sand-us-west-2.sandbox.braintree-api.com","txt","|heritage=external-dns,external-dns/owner=sand-us-west-2,external-dns/resource=service/kube-system/kubernetes-dashboard","201908"
"2019-08-24 11:00:25.000","k8s-dashboard-sand-us-west-2.sandbox.braintree-api.com","txt","|heritage=external-dns,external-dns/owner=sand-us-west-2,external-dns/resource=service/kube-system/kubernetes-dashboardZ","201908"
"2019-08-24 10:16:09.000","id.braintreegateway.com","cname","externalauth-prod-us-west-2.production.braintree-api.com","201908"
"2019-08-24 10:23:16.000","id.sandbox.braintreegateway.com","cname","externalauth-sand-us-west-2.sandbox.braintree-api.com","201908"
"2019-08-24 06:01:10.000","client-analytics.braintreegateway.com","cname","origin-analytics-prod.production.braintree-api.com","201908"
"2019-08-24 16:57:50.000","processor-webhook-receiver-prod-us-west-2.production.braintree-api.com","a","18.236.23.113","201908"
"2019-08-24 16:57:50.000","processor-webhook-receiver-prod-us-west-2.production.braintree-api.com","a","52.34.57.48","201908"
"2019-08-24 16:56:26.000","processor-webhook-receiver-sand-us-west-2.sandbox.braintree-api.com","a","34.208.218.145","201908"
"2019-08-24 16:56:26.000","processor-webhook-receiver-sand-us-west-2.sandbox.braintree-api.com","a","52.41.188.231","201908"
"2019-08-24 18:00:51.000","prodconf-website-dev-us-west-2.dev.braintree-api.com","a","34.215.2.163","201908"
"2019-08-24 18:00:51.000","prodconf-website-dev-us-west-2.dev.braintree-api.com","a","52.37.250.87","201908"
"2019-08-24 18:00:51.000","prodconf-website-dev-us-west-2.dev.braintree-api.com","a","52.41.124.8","201908"
"2019-08-24 18:00:51.000","prodconf-website-dev-us-west-2.dev.braintree-api.com","txt","|heritage=external-dns,external-dns/owner=dev-us-west-2,external-dns/resource=service/prodconf-website/prodconf-website7!","201908"
"2019-08-24 18:06:42.000","prodconf-website-dev-us-west-2.dev.braintree-api.com","txt","|heritage=external-dns,external-dns/owner=dev-us-west-2,external-dns/resource=service/prodconf-website/prodconf-website","201908"
"2019-08-24 18:04:22.000","prodconf-website-qa-us-west-2.dev.braintree-api.com","a","34.216.39.32","201908"
"2019-08-24 18:04:22.000","prodconf-website-qa-us-west-2.dev.braintree-api.com","a","34.210.247.140","201908"
"2019-08-24 18:04:22.000","prodconf-website-qa-us-west-2.dev.braintree-api.com","a","52.24.234.97","201908"
"2019-08-24 18:07:11.000","prodconf-website-qa-us-west-2.dev.braintree-api.com","txt","|heritage=external-dns,external-dns/owner=qa-us-west-2,external-dns/resource=service/prodconf-website/prodconf-website","201908"
"2019-08-24 18:04:22.000","prodconf-website-qa-us-west-2.dev.braintree-api.com","txt","|heritage=external-dns,external-dns/owner=qa-us-west-2,external-dns/resource=service/prodconf-website/prodconf-websitet","201908"
"2019-08-24 20:02:22.000","tugboat-sand-us-east-1.sandbox.braintree-api.com","a","18.206.24.51","201908"
"2019-08-24 20:02:22.000","tugboat-sand-us-east-1.sandbox.braintree-api.com","a","34.197.5.157","201908"
"2019-08-24 20:02:22.000","tugboat-sand-us-east-1.sandbox.braintree-api.com","a","35.175.24.167","201908"
"2019-08-24 20:02:22.000","tugboat-sand-us-east-1.sandbox.braintree-api.com","a","52.44.64.104","201908"
"2019-08-24 20:02:22.000","tugboat-sand-us-east-1.sandbox.braintree-api.com","txt","|heritage=external-dns,external-dns/owner=sand-us-east-1,external-dns/resource=service/tugboat/tugboat","201908"
"2019-08-24 07:10:42.000","dev.braintree-api.com","ns","ns-1087.awsdns-07.org","201908"
"2019-08-24 07:10:42.000","dev.braintree-api.com","ns","ns-2042.awsdns-63.co.uk","201908"
"2019-08-24 07:10:42.000","dev.braintree-api.com","ns","ns-474.awsdns-59.com","201908"
"2019-08-24 07:10:42.000","dev.braintree-api.com","ns","ns-558.awsdns-05.net","201908"
"2019-08-24 07:10:42.000","dev.braintree-api.com","soa","ns-1087.awsdns-07.org awsdns-hostmaster.amazon.com 1 7200 900 1209600 86400","201908"
"2019-08-24 07:01:58.000","data-airflow-webserver-dataprod-us-east-2.data-production.braintree-api.com","a","3.13.12.138","201908"
"2019-08-24 07:01:58.000","data-airflow-webserver-dataprod-us-east-2.data-production.braintree-api.com","a","3.13.211.176","201908"
"2019-08-24 16:56:11.000","data-airflow-webserver-dataprod-us-east-2.data-production.braintree-api.com","a","3.130.250.201","201908"
"2019-08-24 07:02:04.000","data-airflow-webserver-sand-us-east-2.sandbox.braintree-api.com","a","18.216.166.95","201908"
"2019-08-24 07:02:04.000","data-airflow-webserver-sand-us-east-2.sandbox.braintree-api.com","a","3.130.11.189","201908"
"2019-08-24 08:55:51.000","graphql-docs-sand-us-east-1.sandbox.braintree-api.com","a","34.224.255.132","201908"
"2019-08-24 08:55:51.000","graphql-docs-sand-us-east-1.sandbox.braintree-api.com","a","34.239.89.146","201908"
"2019-08-24 08:55:51.000","graphql-docs-sand-us-east-1.sandbox.braintree-api.com","a","52.207.129.199","201908"
"2019-08-24 08:55:51.000","graphql-docs-sand-us-east-1.sandbox.braintree-api.com","a","52.45.197.234","201908"
"2019-08-24 08:55:51.000","graphql-docs-sand-us-east-1.sandbox.braintree-api.com","txt","|heritage=external-dns,external-dns/owner=sand-us-east-1,external-dns/resource=service/graphql-docs/graphql-docsonline","201908"
"2019-08-24 06:15:25.000","consul-prod-us-east-1.production.braintree-api.com","a","34.194.241.1","201908"
"2019-08-24 06:15:25.000","consul-prod-us-east-1.production.braintree-api.com","a","34.236.164.247","201908"
"2019-08-24 06:15:25.000","consul-prod-us-east-1.production.braintree-api.com","a","52.207.154.96","201908"
"2019-08-24 06:15:25.000","consul-prod-us-east-1.production.braintree-api.com","a","54.164.220.216","201908"
"2019-08-24 06:17:09.000","consul-prod-us-west-2.production.braintree-api.com","a","52.25.106.131","201908"
"2019-08-24 06:17:09.000","consul-prod-us-west-2.production.braintree-api.com","a","52.42.88.94","201908"
"2019-08-24 06:17:09.000","consul-prod-us-west-2.production.braintree-api.com","a","54.69.91.67","201908"
"2019-08-24 06:24:11.000","consul-sand-us-east-1.sandbox.braintree-api.com","a","18.232.254.106","201908"
"2019-08-24 06:24:11.000","consul-sand-us-east-1.sandbox.braintree-api.com","a","3.222.126.208","201908"
"2019-08-24 06:24:11.000","consul-sand-us-east-1.sandbox.braintree-api.com","a","34.204.27.241","201908"
"2019-08-24 06:24:11.000","consul-sand-us-east-1.sandbox.braintree-api.com","a","34.206.193.221","201908"
"2019-08-24 06:24:51.000","consul-sand-us-west-2.sandbox.braintree-api.com","a","52.10.122.125","201908"
"2019-08-24 06:24:51.000","consul-sand-us-west-2.sandbox.braintree-api.com","a","52.24.98.141","201908"
"2019-08-24 06:24:51.000","consul-sand-us-west-2.sandbox.braintree-api.com","a","52.34.64.106","201908"
"2019-08-24 04:50:56.000","billing-registration-prod-us-west-2.production.braintree-api.com","a","35.160.153.161","201908"
"2019-08-24 04:50:56.000","billing-registration-prod-us-west-2.production.braintree-api.com","a","52.39.33.157","201908"
"2019-08-24 04:50:56.000","billing-registration-prod-us-west-2.production.braintree-api.com","a","52.43.179.164","201908"
"2019-08-24 04:50:56.000","billing-registration-prod-us-west-2.production.braintree-api.com","txt","|heritage=external-dns,external-dns/owner=prod-us-west-2,external-dns/resource=service/billing-registration/billing-registration","201908"
"2019-08-24 04:55:37.000","billing-registration-prod-us-west-2.production.braintree-api.com","txt","|heritage=external-dns,external-dns/owner=prod-us-west-2,external-dns/resource=service/billing-registration/billing-registrationyk!","201908"
"2019-08-24 04:55:37.000","billing-registration.braintreepayments.com","cname","billing-registration-prod-us-west-2.production.braintree-api.com","201908"
"2019-08-24 16:55:54.000","ops-panel-cisb31-us-east-2.dev.braintree-api.com","a","18.188.120.105","201908"
"2019-08-24 16:55:54.000","ops-panel-cisb31-us-east-2.dev.braintree-api.com","a","18.188.207.241","201908"
"2019-08-24 16:55:54.000","ops-panel-cisb31-us-east-2.dev.braintree-api.com","a","3.18.190.17","201908"
"2019-08-24 16:55:54.000","ops-panel-cisb31-us-east-2.dev.braintree-api.com","txt","|heritage=external-dns,external-dns/owner=cisb31-us-east-2,external-dns/resource=service/panels/ops-panel-pub","201908"
"2019-08-24 06:01:10.000","origin-analytics-prod.production.braintree-api.com","a","52.42.58.109","201908"
"2019-08-24 06:01:10.000","origin-analytics-prod.production.braintree-api.com","a","52.43.70.236","201908"
"2019-08-24 06:01:10.000","origin-analytics-prod.production.braintree-api.com","a","52.89.109.254","201908"
"2019-08-24 16:56:56.000","origin-analytics-qa.dev.braintree-api.com","a","35.160.90.155","201908"
"2019-08-24 16:56:56.000","origin-analytics-qa.dev.braintree-api.com","a","35.163.120.135","201908"
"2019-08-24 16:56:56.000","origin-analytics-qa.dev.braintree-api.com","a","52.42.65.232","201908"
"2019-08-24 16:57:38.000","origin-analytics-sand.sandbox.braintree-api.com","a","35.165.142.203","201908"
"2019-08-24 16:57:38.000","origin-analytics-sand.sandbox.braintree-api.com","a","52.25.183.158","201908"
"2019-08-24 16:57:38.000","origin-analytics-sand.sandbox.braintree-api.com","a","54.201.167.172","201908"
"2019-08-24 16:56:25.000","origin-atmosphere-prod.production.braintree-api.com","cname","atmosphere-prod-us-west-2.production.braintree-api.com","201908"
"2019-08-24 17:05:41.000","origin-atmosphere-sand.sandbox.braintree-api.com","cname","atmosphere-sand-us-west-2.sandbox.braintree-api.com","201908"
"2019-08-24 16:59:27.000","origin-blue-front-door-prod.production.braintree-api.com","cname","blue-front-door-prod-us-west-2.production.braintree-api.com","201908"
"2019-08-24 16:56:55.000","origin-brisk-http-prod.production.braintree-api.com","cname","brisk-http-prod-us-west-2.production.braintree-api.com","201908"
"2019-08-24 16:58:18.000","origin-consul-prod.production.braintree-api.com","cname","consul-prod-us-west-2.production.braintree-api.com","201908"
"2019-08-24 17:00:24.000","origin-consul-sand.sandbox.braintree-api.com","cname","consul-sand-us-west-2.sandbox.braintree-api.com","201908"
"2019-08-24 16:56:11.000","origin-data-airflow-webserver-dataprod.data-production.braintree-api.com","cname","data-airflow-webserver-dataprod-us-east-2.data-production.braintree-api.com","201908"
"2019-08-24 16:59:24.000","origin-data-airflow-webserver-sand.sandbox.braintree-api.com","cname","data-airflow-webserver-sand-us-east-2.sandbox.braintree-api.com","201908"
"2019-08-24 17:01:18.000","origin-disputin-prod.production.braintree-api.com","cname","disputin-prod-us-west-2.production.braintree-api.com","201908"
"2019-08-24 16:56:52.000","origin-disputin-sand.sandbox.braintree-api.com","cname","disputin-sand-us-west-2.sandbox.braintree-api.com","201908"
"2019-08-24 16:57:22.000","origin-merchant-panel-prod.production.braintree-api.com","cname","merchant-panel-prod-us-west-2.production.braintree-api.com","201908"
"2019-08-24 16:58:29.000","origin-merchant-panel-sand.sandbox.braintree-api.com","cname","merchant-panel-sand-us-west-2.sandbox.braintree-api.com","201908"
"2019-08-24 16:56:59.000","origin-nabstatements-webserver-prod.production.braintree-api.com","cname","nabstatements-webserver-prod-us-west-2.production.braintree-api.com","201908"
"2019-08-24 16:57:48.000","origin-nabstatements-webserver-sand.sandbox.braintree-api.com","cname","nabstatements-webserver-sand-us-west-2.sandbox.braintree-api.com","201908"
"2019-08-24 16:58:55.000","origin-panels-api-prod.production.braintree-api.com","cname","panels-api-prod-us-west-2.production.braintree-api.com","201908"
"2019-08-24 16:58:26.000","origin-panels-api-sand.sandbox.braintree-api.com","cname","panels-api-sand-us-west-2.sandbox.braintree-api.com","201908"
"2019-08-24 16:57:50.000","origin-processor-webhook-receiver-prod.production.braintree-api.com","cname","processor-webhook-receiver-prod-us-west-2.production.braintree-api.com","201908"
"2019-08-24 16:56:26.000","origin-processor-webhook-receiver-sand.sandbox.braintree-api.com","cname","processor-webhook-receiver-sand-us-west-2.sandbox.braintree-api.com","201908"
"2019-08-24 17:00:48.000","origin-reporting-taskworker-auditor-prod.production.braintree-api.com","cname","reporting-taskworker-auditor-prod-us-west-2.production.braintree-api.com","201908"
"2019-08-24 16:58:25.000","origin-reporting-taskworker-auditor-sand.sandbox.braintree-api.com","cname","reporting-taskworker-auditor-sand-us-west-2.sandbox.braintree-api.com","201908"
"2019-08-24 16:56:58.000","origin-reporting-taskworker-flower-sand.sandbox.braintree-api.com","cname","reporting-taskworker-flower-sand-us-west-2.sandbox.braintree-api.com","201908"
"2019-08-24 07:24:42.000","docs-prod-us-east-2.production.braintree-api.com","a","18.222.67.60","201908"
"2019-08-24 07:24:42.000","docs-prod-us-east-2.production.braintree-api.com","a","3.13.100.21","201908"
"2019-08-24 07:24:42.000","docs-prod-us-east-2.production.braintree-api.com","a","3.18.64.34","201908"
"2019-08-24 07:24:42.000","docs-prod-us-east-2.production.braintree-api.com","txt","|heritage=external-dns,external-dns/owner=prod-us-east-2,external-dns/resource=service/docs/docs-pub","201908"
"2019-08-24 07:33:31.000","docs-qa-us-east-2.dev.braintree-api.com","a","18.218.59.7","201908"
"2019-08-24 07:33:31.000","docs-qa-us-east-2.dev.braintree-api.com","a","18.223.194.38","201908"
"2019-08-24 07:33:31.000","docs-qa-us-east-2.dev.braintree-api.com","a","3.14.93.219","201908"
"2019-08-24 07:33:31.000","docs-qa-us-east-2.dev.braintree-api.com","txt","|heritage=external-dns,external-dns/owner=qa-us-east-2,external-dns/resource=service/docs/docs-pubPw","201908"
"2019-08-24 05:00:11.000","brisk-http-prod-us-west-2.production.braintree-api.com","a","35.167.26.179","201908"
"2019-08-24 05:00:11.000","brisk-http-prod-us-west-2.production.braintree-api.com","a","52.11.24.227","201908"
"2019-08-24 05:00:11.000","brisk-http-prod-us-west-2.production.braintree-api.com","a","52.89.232.7","201908"
"2019-08-24 05:03:45.000","brisk-http-prod-us-west-2.production.braintree-api.com","txt","|heritage=external-dns,external-dns/owner=prod-us-west-2,external-dns/resource=service/brisk/brisk1y$a","201908"
"2019-08-24 16:56:55.000","brisk-http-prod-us-west-2.production.braintree-api.com","txt","|heritage=external-dns,external-dns/owner=prod-us-west-2,external-dns/resource=service/brisk/brisklO	 ","201908"
"2019-08-24 05:00:11.000","brisk-http-prod-us-west-2.production.braintree-api.com","txt","|heritage=external-dns,external-dns/owner=prod-us-west-2,external-dns/resource=service/brisk/briskf","201908"
"2019-08-24 05:02:33.000","brisk-http-qa-us-west-2.dev.braintree-api.com","a","35.160.131.246","201908"
"2019-08-24 05:02:33.000","brisk-http-qa-us-west-2.dev.braintree-api.com","a","52.26.157.30","201908"
"2019-08-24 05:02:33.000","brisk-http-qa-us-west-2.dev.braintree-api.com","a","52.38.238.5","201908"
"2019-08-24 05:02:33.000","brisk-http-qa-us-west-2.dev.braintree-api.com","txt","|heritage=external-dns,external-dns/owner=qa-us-west-2,external-dns/resource=service/brisk/brisk3.","201908"
"2019-08-24 05:00:01.000","briskqa-http-prod-us-west-2.production.braintree-api.com","a","34.218.40.250","201908"
"2019-08-24 05:00:01.000","briskqa-http-prod-us-west-2.production.braintree-api.com","a","52.37.94.136","201908"
"2019-08-24 05:00:01.000","briskqa-http-prod-us-west-2.production.braintree-api.com","a","54.201.99.200","201908"
"2019-08-24 05:00:01.000","briskqa-http-prod-us-west-2.production.braintree-api.com","txt","|heritage=external-dns,external-dns/owner=prod-us-west-2,external-dns/resource=service/briskqa/briskqa","201908"
"2019-08-24 08:26:36.000","externalauth-prod-us-west-2.production.braintree-api.com","a","18.236.2.136","201908"
"2019-08-24 08:26:36.000","externalauth-prod-us-west-2.production.braintree-api.com","a","35.160.243.92","201908"
"2019-08-24 08:26:36.000","externalauth-prod-us-west-2.production.braintree-api.com","a","52.37.56.60","201908"
"2019-08-24 08:26:36.000","externalauth-prod-us-west-2.production.braintree-api.com","txt","|heritage=external-dns,external-dns/owner=prod-us-west-2,external-dns/resource=service/externalauth/externalauthline","201908"
"2019-08-24 10:16:09.000","externalauth-prod-us-west-2.production.braintree-api.com","txt","|heritage=external-dns,external-dns/owner=prod-us-west-2,external-dns/resource=service/externalauth/externalauthy.com","201908"
"2019-08-24 08:37:24.000","externalauth-sand-us-west-2.sandbox.braintree-api.com","a","34.214.169.81","201908"
"2019-08-24 08:37:24.000","externalauth-sand-us-west-2.sandbox.braintree-api.com","a","52.26.165.8","201908"
"2019-08-24 08:37:24.000","externalauth-sand-us-west-2.sandbox.braintree-api.com","a","54.186.10.229","201908"
"2019-08-24 08:37:24.000","externalauth-sand-us-west-2.sandbox.braintree-api.com","txt","|heritage=external-dns,external-dns/owner=sand-us-west-2,external-dns/resource=service/externalauth/externalauthlne","201908"
"2019-08-24 10:23:16.000","externalauth-sand-us-west-2.sandbox.braintree-api.com","txt","|heritage=external-dns,external-dns/owner=sand-us-west-2,external-dns/resource=service/externalauth/externalauthx ?all","201908"
"2019-08-24 12:40:39.000","merchant-panel-cisb31-us-east-2.dev.braintree-api.com","a","18.221.235.19","201908"
"2019-08-24 12:40:39.000","merchant-panel-cisb31-us-east-2.dev.braintree-api.com","a","3.14.55.251","201908"
"2019-08-24 12:40:39.000","merchant-panel-cisb31-us-east-2.dev.braintree-api.com","a","3.14.211.98","201908"
"2019-08-24 12:40:39.000","merchant-panel-cisb31-us-east-2.dev.braintree-api.com","txt","|heritage=external-dns,external-dns/owner=cisb31-us-east-2,external-dns/resource=service/panels/merchant-panel-pub ~all","201908"
"2019-08-24 12:46:45.000","merchant-panel-prod-us-west-2.production.braintree-api.com","a","34.214.48.108","201908"
"2019-08-24 12:46:45.000","merchant-panel-prod-us-west-2.production.braintree-api.com","a","52.35.54.227","201908"
"2019-08-24 12:46:45.000","merchant-panel-prod-us-west-2.production.braintree-api.com","a","54.200.143.98","201908"
"2019-08-24 12:46:45.000","merchant-panel-prod-us-west-2.production.braintree-api.com","txt","|heritage=external-dns,external-dns/owner=prod-us-west-2,external-dns/resource=service/panels/merchant-panel-pub","201908"
"2019-08-24 17:26:21.000","merchant-panel-prod-us-west-2.production.braintree-api.com","txt","|heritage=external-dns,external-dns/owner=prod-us-west-2,external-dns/resource=service/panels/merchant-panel-pub ~all","201908"
"2019-08-24 16:57:22.000","merchant-panel-prod-us-west-2.production.braintree-api.com","txt","|heritage=external-dns,external-dns/owner=prod-us-west-2,external-dns/resource=service/panels/merchant-panel-pubm -alle","201908"
"2019-08-24 17:33:39.000","merchant-panel-prod-us-west-2.production.braintree-api.com","txt","|heritage=external-dns,external-dns/owner=prod-us-west-2,external-dns/resource=service/panels/merchant-panel-puballline","201908"
"2019-08-24 12:45:56.000","merchant-panel-qa-us-west-2.dev.braintree-api.com","a","34.217.157.83","201908"
"2019-08-24 12:45:56.000","merchant-panel-qa-us-west-2.dev.braintree-api.com","a","35.160.169.93","201908"
"2019-08-24 12:45:56.000","merchant-panel-qa-us-west-2.dev.braintree-api.com","a","52.25.206.67","201908"
"2019-08-24 17:25:09.000","merchant-panel-qa-us-west-2.dev.braintree-api.com","txt","|heritage=external-dns,external-dns/owner=qa-us-west-2,external-dns/resource=service/panels/merchant-panel-pub","201908"
"2019-08-24 17:29:33.000","merchant-panel-qa-us-west-2.dev.braintree-api.com","txt","|heritage=external-dns,external-dns/owner=qa-us-west-2,external-dns/resource=service/panels/merchant-panel-pub.net -all","201908"
"2019-08-24 12:45:56.000","merchant-panel-qa-us-west-2.dev.braintree-api.com","txt","|heritage=external-dns,external-dns/owner=qa-us-west-2,external-dns/resource=service/panels/merchant-panel-pubonline","201908"
"2019-08-24 12:46:43.000","merchant-panel-sand-us-west-2.sandbox.braintree-api.com","a","34.214.99.222","201908"
"2019-08-24 12:46:43.000","merchant-panel-sand-us-west-2.sandbox.braintree-api.com","a","52.35.233.203","201908"
"2019-08-24 12:46:43.000","merchant-panel-sand-us-west-2.sandbox.braintree-api.com","a","54.187.236.98","201908"
"2019-08-24 16:58:29.000","merchant-panel-sand-us-west-2.sandbox.braintree-api.com","txt","|heritage=external-dns,external-dns/owner=sand-us-west-2,external-dns/resource=service/panels/merchant-panel-pub0 ~all","201908"
"2019-08-24 12:46:43.000","merchant-panel-sand-us-west-2.sandbox.braintree-api.com","txt","|heritage=external-dns,external-dns/owner=sand-us-west-2,external-dns/resource=service/panels/merchant-panel-pubm -all","201908"
"2019-08-24 17:32:16.000","merchant-panel-sand-us-west-2.sandbox.braintree-api.com","txt","|heritage=external-dns,external-dns/owner=sand-us-west-2,external-dns/resource=service/panels/merchant-panel-publl -all","201908"
"2019-08-24 17:25:27.000","merchant-panel-sand-us-west-2.sandbox.braintree-api.com","txt","|heritage=external-dns,external-dns/owner=sand-us-west-2,external-dns/resource=service/panels/merchant-panel-pub~all","201908"
"2019-08-24 18:52:20.000","sentinel-dev-ap-southeast-2.dev.braintree-api.com","a","13.237.192.202","201908"
"2019-08-24 18:52:20.000","sentinel-dev-ap-southeast-2.dev.braintree-api.com","a","13.55.229.109","201908"
"2019-08-24 18:52:20.000","sentinel-dev-ap-southeast-2.dev.braintree-api.com","a","52.65.84.171","201908"
"2019-08-24 18:52:20.000","sentinel-dev-ap-southeast-2.dev.braintree-api.com","txt","|heritage=external-dns,external-dns/owner=dev-ap-southeast-2,external-dns/resource=service/infra/sentinel-publallm -all","201908"
"2019-08-24 18:51:01.000","sentinel-dev-eu-central-1.dev.braintree-api.com","a","3.120.1.106","201908"
"2019-08-24 18:51:01.000","sentinel-dev-eu-central-1.dev.braintree-api.com","txt","|heritage=external-dns,external-dns/owner=dev-eu-central-1,external-dns/resource=service/infra/sentinel-pubofha.online","201908"
"2019-08-24 18:50:20.000","sentinel-dev-us-east-1.dev.braintree-api.com","a","18.235.63.95","201908"
"2019-08-24 18:50:20.000","sentinel-dev-us-east-1.dev.braintree-api.com","a","34.230.108.71","201908"
"2019-08-24 18:50:20.000","sentinel-dev-us-east-1.dev.braintree-api.com","a","52.201.76.133","201908"
"2019-08-24 18:50:20.000","sentinel-dev-us-east-1.dev.braintree-api.com","a","52.72.199.187","201908"
"2019-08-24 18:50:20.000","sentinel-dev-us-east-1.dev.braintree-api.com","txt","|heritage=external-dns,external-dns/owner=dev-us-east-1,external-dns/resource=service/infra/sentinel-puba","201908"
"2019-08-24 18:49:40.000","sentinel-dev-us-east-2.dev.braintree-api.com","a","13.59.114.79","201908"
"2019-08-24 18:49:40.000","sentinel-dev-us-east-2.dev.braintree-api.com","a","18.223.204.134","201908"
"2019-08-24 18:49:40.000","sentinel-dev-us-east-2.dev.braintree-api.com","a","3.14.228.5","201908"
"2019-08-24 18:49:40.000","sentinel-dev-us-east-2.dev.braintree-api.com","txt","|heritage=external-dns,external-dns/owner=dev-us-east-2,external-dns/resource=service/infra/sentinel-pub!","201908"
"2019-08-24 18:52:42.000","sentinel-dev-us-west-2.dev.braintree-api.com","a","34.218.153.182","201908"
"2019-08-24 18:52:42.000","sentinel-dev-us-west-2.dev.braintree-api.com","a","52.25.231.36","201908"
"2019-08-24 18:52:42.000","sentinel-dev-us-west-2.dev.braintree-api.com","a","52.36.218.251","201908"
"2019-08-24 18:52:42.000","sentinel-dev-us-west-2.dev.braintree-api.com","txt","|heritage=external-dns,external-dns/owner=dev-us-west-2,external-dns/resource=service/infra/sentinel-pub","201908"
"2019-08-24 18:50:18.000","sentinel-dev.dev.braintree-api.com","a","34.218.153.182","201908"
"2019-08-24 18:50:18.000","sentinel-dev.dev.braintree-api.com","a","52.25.231.36","201908"
"2019-08-24 18:50:18.000","sentinel-dev.dev.braintree-api.com","a","52.36.218.251","201908"
"2019-08-24 18:50:50.000","sentinel-prod-ap-southeast-2.production.braintree-api.com","a","13.210.208.98","201908"
"2019-08-24 18:50:50.000","sentinel-prod-ap-southeast-2.production.braintree-api.com","a","13.55.97.53","201908"
"2019-08-24 18:50:50.000","sentinel-prod-ap-southeast-2.production.braintree-api.com","a","52.65.73.25","201908"
"2019-08-24 18:50:50.000","sentinel-prod-ap-southeast-2.production.braintree-api.com","txt","|heritage=external-dns,external-dns/owner=prod-ap-southeast-2,external-dns/resource=service/infra/sentinel-pub46 -all","201908"
"2019-08-24 18:50:39.000","sentinel-prod-eu-central-1.production.braintree-api.com","a","3.120.69.181","201908"
"2019-08-24 18:50:39.000","sentinel-prod-eu-central-1.production.braintree-api.com","a","35.157.124.177","201908"
"2019-08-24 18:50:39.000","sentinel-prod-eu-central-1.production.braintree-api.com","a","52.29.26.225","201908"
"2019-08-24 18:50:39.000","sentinel-prod-eu-central-1.production.braintree-api.com","txt","|heritage=external-dns,external-dns/owner=prod-eu-central-1,external-dns/resource=service/infra/sentinel-pub~alll~allllA","201908"
"2019-08-24 18:55:16.000","sentinel-prod-us-east-1.production.braintree-api.com","a","18.235.86.16","201908"
"2019-08-24 18:55:16.000","sentinel-prod-us-east-1.production.braintree-api.com","a","34.224.46.170","201908"
"2019-08-24 18:55:16.000","sentinel-prod-us-east-1.production.braintree-api.com","a","34.231.159.40","201908"
"2019-08-24 18:55:16.000","sentinel-prod-us-east-1.production.braintree-api.com","a","52.87.7.9","201908"
"2019-08-24 18:55:16.000","sentinel-prod-us-east-1.production.braintree-api.com","txt","|heritage=external-dns,external-dns/owner=prod-us-east-1,external-dns/resource=service/infra/sentinel-publ.110.0/24 ~all","201908"
"2019-08-24 18:50:59.000","sentinel-prod-us-east-2.production.braintree-api.com","a","13.59.48.82","201908"
"2019-08-24 18:50:59.000","sentinel-prod-us-east-2.production.braintree-api.com","a","18.223.221.254","201908"
"2019-08-24 18:50:59.000","sentinel-prod-us-east-2.production.braintree-api.com","a","3.17.220.57","201908"
"2019-08-24 18:50:59.000","sentinel-prod-us-east-2.production.braintree-api.com","txt","|heritage=external-dns,external-dns/owner=prod-us-east-2,external-dns/resource=service/infra/sentinel-pub.101 ~all","201908"
"2019-08-24 18:51:13.000","sentinel-prod.production.braintree-api.com","a","34.211.32.116","201908"
"2019-08-24 18:51:13.000","sentinel-prod.production.braintree-api.com","a","35.164.5.58","201908"
"2019-08-24 18:51:13.000","sentinel-prod.production.braintree-api.com","a","54.148.149.97","201908"
"2019-08-24 18:52:28.000","sentinel-qa-ap-southeast-2.dev.braintree-api.com","a","13.237.72.195","201908"
"2019-08-24 18:52:28.000","sentinel-qa-ap-southeast-2.dev.braintree-api.com","a","13.238.43.120","201908"
"2019-08-24 18:52:28.000","sentinel-qa-ap-southeast-2.dev.braintree-api.com","a","3.104.32.180","201908"
"2019-08-24 18:52:28.000","sentinel-qa-ap-southeast-2.dev.braintree-api.com","txt","|heritage=external-dns,external-dns/owner=qa-ap-southeast-2,external-dns/resource=service/infra/sentinel-pub230.3 ~all","201908"
"2019-08-24 18:56:49.000","sentinel-qa-eu-central-1.dev.braintree-api.com","a","3.120.79.213","201908"
"2019-08-24 18:56:49.000","sentinel-qa-eu-central-1.dev.braintree-api.com","a","35.156.253.130","201908"
"2019-08-24 18:56:49.000","sentinel-qa-eu-central-1.dev.braintree-api.com","a","35.157.169.62","201908"
"2019-08-24 18:56:49.000","sentinel-qa-eu-central-1.dev.braintree-api.com","txt","|heritage=external-dns,external-dns/owner=qa-eu-central-1,external-dns/resource=service/infra/sentinel-pub.net -all","201908"
"2019-08-24 18:52:01.000","sentinel-qa-us-east-1.dev.braintree-api.com","a","34.205.104.205","201908"
"2019-08-24 18:52:01.000","sentinel-qa-us-east-1.dev.braintree-api.com","a","34.232.8.9","201908"
"2019-08-24 18:52:01.000","sentinel-qa-us-east-1.dev.braintree-api.com","a","52.205.211.176","201908"
"2019-08-24 18:52:01.000","sentinel-qa-us-east-1.dev.braintree-api.com","a","52.206.212.227","201908"
"2019-08-24 18:52:01.000","sentinel-qa-us-east-1.dev.braintree-api.com","txt","|heritage=external-dns,external-dns/owner=qa-us-east-1,external-dns/resource=service/infra/sentinel-pub","201908"
"2019-08-24 18:51:58.000","sentinel-qa-us-east-2.dev.braintree-api.com","a","13.59.54.105","201908"
"2019-08-24 18:51:58.000","sentinel-qa-us-east-2.dev.braintree-api.com","a","18.223.63.169","201908"
"2019-08-24 18:51:58.000","sentinel-qa-us-east-2.dev.braintree-api.com","a","3.17.113.12","201908"
"2019-08-24 18:51:58.000","sentinel-qa-us-east-2.dev.braintree-api.com","txt","|heritage=external-dns,external-dns/owner=qa-us-east-2,external-dns/resource=service/infra/sentinel-puba","201908"
"2019-08-24 18:54:08.000","sentinel-qa-us-west-2.dev.braintree-api.com","a","35.164.67.92","201908"
"2019-08-24 18:54:08.000","sentinel-qa-us-west-2.dev.braintree-api.com","a","52.33.86.145","201908"
"2019-08-24 18:54:08.000","sentinel-qa-us-west-2.dev.braintree-api.com","a","52.40.102.45","201908"
"2019-08-24 18:54:08.000","sentinel-qa-us-west-2.dev.braintree-api.com","txt","|heritage=external-dns,external-dns/owner=qa-us-west-2,external-dns/resource=service/infra/sentinel-pub","201908"
"2019-08-24 18:49:55.000","sentinel-qa.dev.braintree-api.com","a","35.164.67.92","201908"
"2019-08-24 18:49:55.000","sentinel-qa.dev.braintree-api.com","a","52.33.86.145","201908"
"2019-08-24 18:49:55.000","sentinel-qa.dev.braintree-api.com","a","52.40.102.45","201908"
"2019-08-24 18:52:34.000","sentinel-sand-ap-southeast-2.sandbox.braintree-api.com","a","13.238.22.255","201908"
"2019-08-24 18:52:34.000","sentinel-sand-ap-southeast-2.sandbox.braintree-api.com","a","13.55.68.61","201908"
"2019-08-24 18:52:34.000","sentinel-sand-ap-southeast-2.sandbox.braintree-api.com","a","52.65.88.162","201908"
"2019-08-24 18:52:34.000","sentinel-sand-ap-southeast-2.sandbox.braintree-api.com","txt","|heritage=external-dns,external-dns/owner=sand-ap-southeast-2,external-dns/resource=service/infra/sentinel-publine","201908"
"2019-08-24 18:49:36.000","sentinel-sand-eu-central-1.sandbox.braintree-api.com","a","3.121.107.117","201908"
"2019-08-24 18:49:36.000","sentinel-sand-eu-central-1.sandbox.braintree-api.com","a","52.29.114.72","201908"
"2019-08-24 18:49:36.000","sentinel-sand-eu-central-1.sandbox.braintree-api.com","a","52.59.158.128","201908"
"2019-08-24 18:49:36.000","sentinel-sand-eu-central-1.sandbox.braintree-api.com","txt","|heritage=external-dns,external-dns/owner=sand-eu-central-1,external-dns/resource=service/infra/sentinel-pubha.online","201908"
"2019-08-24 18:49:15.000","sentinel-sand-us-east-1.sandbox.braintree-api.com","a","3.85.251.77","201908"
"2019-08-24 18:49:15.000","sentinel-sand-us-east-1.sandbox.braintree-api.com","a","34.192.12.236","201908"
"2019-08-24 18:49:15.000","sentinel-sand-us-east-1.sandbox.braintree-api.com","a","34.231.249.143","201908"
"2019-08-24 18:49:15.000","sentinel-sand-us-east-1.sandbox.braintree-api.com","a","52.203.7.32","201908"
"2019-08-24 18:49:15.000","sentinel-sand-us-east-1.sandbox.braintree-api.com","txt","|heritage=external-dns,external-dns/owner=sand-us-east-1,external-dns/resource=service/infra/sentinel-pubom ~all","201908"
"2019-08-24 18:51:52.000","sentinel-sand-us-east-2.sandbox.braintree-api.com","a","13.58.64.207","201908"
"2019-08-24 18:51:52.000","sentinel-sand-us-east-2.sandbox.braintree-api.com","a","13.59.86.33","201908"
"2019-08-24 18:51:52.000","sentinel-sand-us-east-2.sandbox.braintree-api.com","a","18.223.74.39","201908"
"2019-08-24 18:51:52.000","sentinel-sand-us-east-2.sandbox.braintree-api.com","txt","|heritage=external-dns,external-dns/owner=sand-us-east-2,external-dns/resource=service/infra/sentinel-pubcom -allline","201908"
"2019-08-24 18:49:12.000","sentinel-sand-us-west-2.sandbox.braintree-api.com","a","35.162.189.120","201908"
"2019-08-24 18:49:12.000","sentinel-sand-us-west-2.sandbox.braintree-api.com","a","52.37.166.86","201908"
"2019-08-24 18:49:12.000","sentinel-sand-us-west-2.sandbox.braintree-api.com","a","54.187.62.139","201908"
"2019-08-24 18:49:12.000","sentinel-sand-us-west-2.sandbox.braintree-api.com","txt","|heritage=external-dns,external-dns/owner=sand-us-west-2,external-dns/resource=service/infra/sentinel-pubYune","201908"
"2019-08-24 18:49:48.000","sentinel-sand.sandbox.braintree-api.com","a","35.162.189.120","201908"
"2019-08-24 18:49:48.000","sentinel-sand.sandbox.braintree-api.com","a","52.37.166.86","201908"
"2019-08-24 18:49:48.000","sentinel-sand.sandbox.braintree-api.com","a","54.187.62.139","201908"
"2019-08-24 17:00:48.000","reporting-taskworker-auditor-prod-us-west-2.production.braintree-api.com","a","35.165.253.161","201908"
"2019-08-24 17:00:48.000","reporting-taskworker-auditor-prod-us-west-2.production.braintree-api.com","a","54.186.17.230","201908"
"2019-08-24 16:58:25.000","reporting-taskworker-auditor-sand-us-west-2.sandbox.braintree-api.com","a","34.210.52.219","201908"
"2019-08-24 16:58:25.000","reporting-taskworker-auditor-sand-us-west-2.sandbox.braintree-api.com","a","54.149.96.186","201908"
"2019-08-24 16:56:58.000","reporting-taskworker-flower-sand-us-west-2.sandbox.braintree-api.com","a","52.42.244.199","201908"
"2019-08-24 16:56:58.000","reporting-taskworker-flower-sand-us-west-2.sandbox.braintree-api.com","a","54.191.151.160","201908"
"2019-08-24 17:29:09.000","payments-static-ip.braintree-api.com","a","52.25.70.37","201908"
"2019-08-24 17:29:09.000","payments-static-ip.braintree-api.com","a","52.36.170.61","201908"
"2019-08-24 17:29:09.000","payments-static-ip.braintree-api.com","a","54.186.37.102","201908"
"2019-08-24 17:39:29.000","payments-static-ip.sandbox.braintree-api.com","a","35.164.62.53","201908"
"2019-08-24 17:39:29.000","payments-static-ip.sandbox.braintree-api.com","a","35.162.22.163","201908"
"2019-08-24 17:39:29.000","payments-static-ip.sandbox.braintree-api.com","a","52.10.175.22","201908"
"2019-08-24 17:42:14.000","payments.braintree-api.com","a","52.84.246.121","201908"
"2019-08-24 17:42:14.000","payments.braintree-api.com","a","52.84.246.248","201908"
"2019-08-24 17:42:14.000","payments.braintree-api.com","a","52.84.246.68","201908"
"2019-08-24 17:42:14.000","payments.braintree-api.com","a","52.84.246.72","201908"
"2019-08-24 17:34:27.000","payments.sandbox.braintree-api.com","a","13.224.2.111","201908"
"2019-08-24 17:34:27.000","payments.sandbox.braintree-api.com","a","13.224.2.33","201908"
"2019-08-24 17:34:27.000","payments.sandbox.braintree-api.com","a","13.224.2.44","201908"
"2019-08-24 17:34:27.000","payments.sandbox.braintree-api.com","a","13.224.2.64","201908"
"2019-08-24 07:22:03.000","disputes-panel-prod-us-west-2.production.braintree-api.com","a","34.208.65.55","201908"
"2019-08-24 07:22:03.000","disputes-panel-prod-us-west-2.production.braintree-api.com","a","35.163.195.116","201908"
"2019-08-24 07:22:03.000","disputes-panel-prod-us-west-2.production.braintree-api.com","a","52.32.2.68","201908"
"2019-08-24 07:22:03.000","disputes-panel-prod-us-west-2.production.braintree-api.com","txt","|heritage=external-dns,external-dns/owner=prod-us-west-2,external-dns/resource=service/disputes-panel/disputes-panel-pub!","201908"
"2019-08-24 07:21:08.000","disputes-panel-sand-us-west-2.sandbox.braintree-api.com","a","34.211.35.23","201908"
"2019-08-24 07:21:08.000","disputes-panel-sand-us-west-2.sandbox.braintree-api.com","a","52.11.64.60","201908"
"2019-08-24 07:21:08.000","disputes-panel-sand-us-west-2.sandbox.braintree-api.com","a","52.89.245.195","201908"
"2019-08-24 07:23:11.000","disputes-panel-sand-us-west-2.sandbox.braintree-api.com","txt","|heritage=external-dns,external-dns/owner=sand-us-west-2,external-dns/resource=service/disputes-panel/disputes-panel-pubQ","201908"
"2019-08-24 07:21:08.000","disputes-panel-sand-us-west-2.sandbox.braintree-api.com","txt","|heritage=external-dns,external-dns/owner=sand-us-west-2,external-dns/resource=service/disputes-panel/disputes-panel-puba","201908"
"2019-08-24 07:19:46.000","disputin-prod-us-west-2.production.braintree-api.com","a","34.212.81.223","201908"
"2019-08-24 07:19:46.000","disputin-prod-us-west-2.production.braintree-api.com","a","52.33.68.157","201908"
"2019-08-24 07:23:39.000","disputin-sand-us-west-2.sandbox.braintree-api.com","a","34.212.152.161","201908"
"2019-08-24 07:23:39.000","disputin-sand-us-west-2.sandbox.braintree-api.com","a","35.164.31.193","201908"
"2019-08-24 04:51:02.000","blue-front-door-prod-us-east-1.production.braintree-api.com","a","52.20.200.159","201908"
"2019-08-24 04:51:02.000","blue-front-door-prod-us-east-1.production.braintree-api.com","a","52.7.10.8","201908"
"2019-08-24 04:51:02.000","blue-front-door-prod-us-east-1.production.braintree-api.com","a","54.86.81.154","201908"
"2019-08-24 04:51:03.000","blue-front-door-prod-us-east-2.production.braintree-api.com","a","18.191.109.220","201908"
"2019-08-24 04:51:03.000","blue-front-door-prod-us-east-2.production.braintree-api.com","a","18.223.19.147","201908"
"2019-08-24 04:51:03.000","blue-front-door-prod-us-east-2.production.braintree-api.com","a","3.17.33.35","201908"
"2019-08-24 04:54:16.000","blue-front-door-prod-us-west-2.production.braintree-api.com","a","52.32.113.163","201908"
"2019-08-24 04:54:16.000","blue-front-door-prod-us-west-2.production.braintree-api.com","a","52.39.188.87","201908"
"2019-08-24 04:54:16.000","blue-front-door-prod-us-west-2.production.braintree-api.com","a","52.40.71.40","201908"
"2019-08-24 04:51:03.000","blue-front-door.braintree-api.com","cname","blue-front-door-prod-us-east-2.production.braintree-api.com","201908"
"2019-08-24 07:28:55.000","drake-lyrics-qa-us-east-1.dev.braintree-api.com","a","18.214.121.164","201908"
"2019-08-24 07:28:55.000","drake-lyrics-qa-us-east-1.dev.braintree-api.com","a","3.216.205.253","201908"
"2019-08-24 07:28:55.000","drake-lyrics-qa-us-east-1.dev.braintree-api.com","a","34.228.105.234","201908"
"2019-08-24 07:28:55.000","drake-lyrics-qa-us-east-1.dev.braintree-api.com","a","52.206.49.95","201908"
"2019-08-24 07:28:55.000","drake-lyrics-qa-us-east-1.dev.braintree-api.com","txt","|heritage=external-dns,external-dns/owner=qa-us-east-1,external-dns/resource=service/drake-lyrics/drake-lyrics-pub","201908"
"2019-08-24 16:10:27.000","nabstatements-webserver-prod-us-west-2.production.braintree-api.com","a","54.191.128.204","201908"
"2019-08-24 16:10:27.000","nabstatements-webserver-prod-us-west-2.production.braintree-api.com","a","54.244.194.30","201908"
"2019-08-24 16:10:12.000","nabstatements-webserver-sand-us-west-2.sandbox.braintree-api.com","a","54.148.162.242","201908"
"2019-08-24 16:10:12.000","nabstatements-webserver-sand-us-west-2.sandbox.braintree-api.com","a","54.69.77.236","201908"
